{
    "meta": {
        "num_tuples": 9897,
        "num_attributes": 8,
        "num_attributes_in_BN": 8,
        "all_attributes": [
            "Time in A&E (mins)",
            "Treatment",
            "Gender",
            "Index of Multiple Deprivation Decile",
            "Hospital ID",
            "Arrival Date",
            "Arrival hour range",
            "Age bracket"
        ],
        "candidate_keys": [],
        "non_categorical_string_attributes": [],
        "attributes_in_BN": [
            "Gender",
            "Hospital ID",
            "Treatment",
            "Arrival Date",
            "Arrival hour range",
            "Age bracket",
            "Time in A&E (mins)",
            "Index of Multiple Deprivation Decile"
        ]
    },
    "attribute_description": {
        "Time in A&E (mins)": {
            "name": "Time in A&E (mins)",
            "data_type": "Integer",
            "is_categorical": false,
            "is_candidate_key": false,
            "min": 1,
            "max": 132,
            "missing_rate": 0.0,
            "distribution_bins": [
                1.0,
                7.55,
                14.1,
                20.65,
                27.2,
                33.75,
                40.3,
                46.85,
                53.4,
                59.949999999999996,
                66.5,
                73.05,
                79.6,
                86.14999999999999,
                92.7,
                99.25,
                105.8,
                112.35,
                118.89999999999999,
                125.45
            ],
            "distribution_probabilities": [
                0.0048137849053241435,
                0.012751209255727067,
                0.012787960085510593,
                0.029766054617680452,
                0.03908536424246603,
                0.0711838002502208,
                0.08112732494047205,
                0.1289694426246986,
                0.1270821082831697,
                0.13274010311130605,
                0.11819792116763203,
                0.08385242821680011,
                0.06362083177515561,
                0.05065187199646423,
                0.014176002474539257,
                0.0006923597724718898,
                0.0,
                0.01069262871326837,
                0.007190356203672139,
                0.010618447363421076
            ]
        },
        "Treatment": {
            "name": "Treatment",
            "data_type": "String",
            "is_categorical": true,
            "is_candidate_key": false,
            "min": 3,
            "max": 44,
            "missing_rate": 0.0,
            "distribution_bins": [
                "Anaesthesia",
                "Arterial line",
                "Bandage/support",
                "Blood product transfusion",
                "Burns review",
                "Central line",
                "Chest drain",
                "Defibrillation/pacing",
                "Dental treatment",
                "Dressing",
                "Dressing/wound review",
                "Eye",
                "Fracture review",
                "Guidance/advice only",
                "Incision & drainage",
                "Infusion fluids",
                "Joint aspiration",
                "Lumbar puncture",
                "Minor surgery",
                "Nasal airway",
                "Nebuliser/spacer",
                "None (consider guidance/advice option)",
                "Occupational Therapy",
                "Oral airway",
                "Other (consider alternatives)",
                "Physiotherapy",
                "Plaster of Paris",
                "Prescription/medicines prepared to take away",
                "Recording vital signs",
                "Removal foreign body",
                "Resuscitation/cardiopulmonary resuscitation",
                "Sling/collar cuff/broad arm sling",
                "Social work intervention",
                "Splint",
                "Sutures",
                "Tetanus",
                "Urinary catheter/suprapubic",
                "Wound cleaning",
                "Wound closure (excluding sutures)"
            ],
            "distribution_probabilities": [
                0.03743653923302075,
                0.03751715461964534,
                0.04351428297613841,
                0.03760806003801341,
                0.010529054594822455,
                0.026381269227099918,
                0.007549988860363595,
                0.05986187837291627,
                0.00850742241230225,
                0.03480733915916512,
                0.027468928722761122,
                0.026717830161984556,
                0.03416644462647804,
                0.014965422991640035,
                0.007795447487468476,
                0.026400977355992464,
                0.041373870011095104,
                0.045900876813776054,
                0.05198354973969091,
                0.027879729350620344,
                0.0,
                0.0387508493435389,
                0.044485037296703195,
                0.023103633518272867,
                0.014430904850183484,
                0.018850348982361948,
                0.029749335129931886,
                0.004684584676552847,
                0.0005176287878392601,
                0.010716969801534658,
                0.01731195359361903,
                0.023087506024678742,
                0.03700822721307918,
                0.0015958069798097654,
                0.02627143667426696,
                0.01493749383417674,
                0.031912250792335325,
                0.030438293292970365,
                0.023781672453150347
            ]
        },
        "Gender": {
            "name": "Gender",
            "data_type": "String",
            "is_categorical": true,
            "is_candidate_key": false,
            "min": 4,
            "max": 6,
            "missing_rate": 0.0,
            "distribution_bins": [
                "Female",
                "Male"
            ],
            "distribution_probabilities": [
                0.5056121783414436,
                0.4943878216585565
            ]
        },
        "Index of Multiple Deprivation Decile": {
            "name": "Index of Multiple Deprivation Decile",
            "data_type": "Integer",
            "is_categorical": true,
            "is_candidate_key": false,
            "min": 1,
            "max": 10,
            "missing_rate": 0.0,
            "distribution_bins": [
                1,
                2,
                3,
                4,
                5,
                6,
                7,
                8,
                9,
                10
            ],
            "distribution_probabilities": [
                0.0818966101509957,
                0.10914128206359103,
                0.08158665621236741,
                0.09902888772825894,
                0.10971942432967483,
                0.1130540710198635,
                0.09027435917728921,
                0.11448459660960227,
                0.0979777744972692,
                0.10283633821108792
            ]
        },
        "Hospital ID": {
            "name": "Hospital ID",
            "data_type": "String",
            "is_categorical": true,
            "is_candidate_key": false,
            "min": 5,
            "max": 6,
            "missing_rate": 0.0,