{
    "meta": {
        "num_tuples": 9915,
        "num_attributes": 8,
        "num_attributes_in_BN": 8,
        "all_attributes": [
            "Time in A&E (mins)",
            "Treatment",
            "Gender",
            "Index of Multiple Deprivation Decile",
            "Hospital ID",
            "Arrival Date",
            "Arrival hour range",
            "Age bracket"
        ],
        "candidate_keys": [],
        "non_categorical_string_attributes": [],
        "attributes_in_BN": [
            "Index of Multiple Deprivation Decile",
            "Arrival Date",
            "Hospital ID",
            "Arrival hour range",
            "Age bracket",
            "Time in A&E (mins)",
            "Gender",
            "Treatment"
        ]
    },
    "attribute_description": {
        "Time in A&E (mins)": {
            "name": "Time in A&E (mins)",
            "data_type": "Integer",
            "is_categorical": false,
            "is_candidate_key": false,
            "min": 1,
            "max": 157,
            "missing_rate": 0.0,
            "distribution_bins": [
                1.0,
                8.8,
                16.6,
                24.4,
                32.2,
                40.0,
                47.8,
                55.6,
                63.4,
                71.2,
                79.0,
                86.8,
                94.6,
                102.39999999999999,
                110.2,
                118.0,
                125.8,
                133.6,
                141.4,
                149.2
            ],
            "distribution_probabilities": [
                0.004942229087153789,
                0.013839334047218932,
                0.024833279506077926,
                0.04620373841907713,
                0.06368327226919894,
                0.10611026318425933,
                0.12790923265574172,
                0.15810008846580575,
                0.1564573608535676,
                0.09683888933286615,
                0.0848862734686018,
                0.0429754702754288,
                0.024489371111157354,
                0.0243691733939311,
                0.0,
                0.0,
                0.0,
                0.008223142799888686,
                0.006037392490669958,
                0.010101488639354906
            ]
        },
        "Treatment": {
            "name": "Treatment",
            "data_type": "String",
            "is_categorical": true,
            "is_candidate_key": false,
            "min": 3,
            "max": 44,
            "missing_rate": 0.0,
            "distribution_bins": [
                "Anaesthesia",
                "Arterial line",
                "Bandage/support",
                "Blood product transfusion",
                "Burns review",
                "Central line",
                "Chest drain",
                "Defibrillation/pacing",
                "Dental treatment",
                "Dressing",
                "Dressing/wound review",
                "Eye",
                "Fracture review",
                "Guidance/advice only",
                "Incision & drainage",
                "Infusion fluids",
                "Joint aspiration",
                "Lumbar puncture",
                "Minor surgery",
                "Nasal airway",
                "Nebuliser/spacer",
                "None (consider guidance/advice option)",
                "Occupational Therapy",
                "Oral airway",
                "Other (consider alternatives)",
                "Physiotherapy",
                "Plaster of Paris",
                "Prescription/medicines prepared to take away",
                "Recording vital signs",
                "Removal foreign body",
                "Resuscitation/cardiopulmonary resuscitation",
                "Sling/collar cuff/broad arm sling",
                "Social work intervention",
                "Splint",
                "Sutures",
                "Tetanus",
                "Urinary catheter/suprapubic",
                "Wound cleaning",
                "Wound closure (excluding sutures)"
            ],
            "distribution_probabilities": [
                0.07086775904877039,
                0.01028644046246544,
                0.008583157660865735,
                0.007337108683344021,
                0.012217419762032252,
                0.007963470462380662,
                0.0,
                0.05116417298838802,
                0.06179410659287798,
                0.03381159126071685,
                0.00970905276975519,
                0.02191286908257878,
                0.04367285586001485,
                0.027808966730933023,
                0.0,
                0.03434373800915803,
                0.027861194736321704,
                0.011300182575095023,
                0.06602824520622994,
                0.008051330801669442,
                0.01789517108172101,
                0.03539947008767809,
                0.021778441061947942,
                0.027309574470256115,
                0.025328304202376334,
                0.05971869800560857,
                0.009186739943147932,
                0.01132552067257864,
                0.04979653485858451,
                0.0026988313601890054,
                0.04381449038759765,
                0.00857652488340152,
                0.049087249578015114,
                0.0,
                0.0004087341044489911,
                0.048361030128420496,
                0.007570001351526833,
                0.04984051448761998,
                0.01719050664128378
            ]
        },
        "Gender": {
            "name": "Gender",
            "data_type": "String",
            "is_categorical": true,
            "is_candidate_key": false,
            "min": 4,
            "max": 6,
            "missing_rate": 0.0,
            "distribution_bins": [
                "Female",
                "Male"
            ],
            "distribution_probabilities": [
                0.5027347658612771,
                0.4972652341387228
            ]
        },
        "Index of Multiple Deprivation Decile": {
            "name": "Index of Multiple Deprivation Decile",
            "data_type": "Integer",
            "is_categorical": true,
            "is_candidate_key": false,
            "min": 1,
            "max": 10,
            "missing_rate": 0.0,
            "distribution_bins": [
                1,
                2,
                3,
                4,
                5,
                6,
                7,
                8,
                9,
                10
            ],
            "distribution_probabilities": [
                0.0868604156478077,
                0.11916952122832913,
                0.0898243751748377,
                0.09291361650865318,
                0.09570798808341884,
                0.11499404079916425,
                0.09604107478960855,
                0.11785401988415418,
                0.08511316920024146,
                0.10152177868378495
            ]
        },
        "Hospital ID": {
            "name": "Hospital ID",
            "data_type": "String",
            "is_categorical": true,
            "is_candidate_key": false,
            "min": 5,
            "max": 6,
            "missing_rate": 0.0,
            "distribution_bins": [
                39124,
                61064,
                121585,
                143702,
                202877,
                207369,
                210290,
                231794,
                314554,
                316563,
                317128,
                436229,
                489887,
                493036,
                542698,
                590614,
                592542,
                717834,
                725532,
                748813,
                756339,
                798285,
                837832,
                838008,
                898681,
                901507
            ],