{
    "meta": {
        "num_tuples": 9891,
        "num_attributes": 9,
        "num_attributes_in_BN": 8,
        "all_attributes": [
            "Attendance ID",
            "Time in A&E (mins)",
            "Treatment",
            "Gender",
            "Index of Multiple Deprivation Decile",
            "Hospital ID",
            "Arrival Date",
            "Arrival hour range",
            "Age bracket"
        ],
        "candidate_keys": [
            "Attendance ID"
        ],
        "non_categorical_string_attributes": [
            "Attendance ID"
        ],
        "attributes_in_BN": [
            "Gender",
            "Time in A&E (mins)",
            "Arrival Date",
            "Age bracket",
            "Treatment",
            "Index of Multiple Deprivation Decile",
            "Hospital ID",
            "Arrival hour range"
        ]
    },
    "attribute_description": {
        "Attendance ID": {
            "name": "Attendance ID",
            "data_type": "String",
            "is_categorical": false,
            "is_candidate_key": true,
            "min": 7,
            "max": 10,
            "missing_rate": 0.0,
            "distribution_bins": [
                6.99985,
                7.15,
                7.3,
                7.45,
                7.6,
                7.75,
                7.9,
                8.05,
                8.2,
                8.35,
                8.5,
                8.65,
                8.8,
                8.95,
                9.1,
                9.25,
                9.4,
                9.55,
                9.7,
                9.85
            ],
            "distribution_probabilities": [
                0.0015915440400871,
                0.004161622347922492,
                0.0017013454347522526,
                0.0006955020064779656,
                0.0,
                0.0025512651228825436,
                0.00640875947385457,
                0.011316698444157615,
                0.01938719636165365,
                0.0,
                0.006475911086579574,
                0.0004401844788601617,
                0.0010817403289346056,
                0.09505981009003214,
                0.0,
                0.0,
                0.0,
                0.008092332504858123,
                0.006009216720580792,
                0.8350268715583665
            ]
        },
        "Time in A&E (mins)": {
            "name": "Time in A&E (mins)",
            "data_type": "Integer",
            "is_categorical": false,
            "is_candidate_key": false,
            "min": 1,
            "max": 431,
            "missing_rate": 0.0,
            "distribution_bins": [
                1.0,
                22.5,
                44.0,
                65.5,
                87.0,
                108.5,
                130.0,
                151.5,
                173.0,
                194.5,
                216.0,
                237.5,
                259.0,
                280.5,
                302.0,
                323.5,
                345.0,
                366.5,
                388.0,
                409.5
            ],
            "distribution_probabilities": [
                0.1576538288964574,
                0.13023617083503125,
                0.13181720793066526,
                0.11957193498041552,
                0.09377151154796758,
                0.08678775816478866,
                0.06298446616160816,
                0.07088497068477599,
                0.044482506221628346,
                0.026069587082876634,
                0.013991966698005178,
                0.018609147942725758,
                0.007768420323153294,
                0.006067209583024015,
                0.0,
                0.002992810962731271,
                0.0028833357580123446,
                0.00288372615150238,
                0.01681803154924018,
                0.003725408525390729
            ]
        },
        "Treatment": {
            "name": "Treatment",
            "data_type": "String",
            "is_categorical": true,
            "is_candidate_key": false,
            "min": 3,
            "max": 44,
            "missing_rate": 0.0,
            "distribution_bins": [
                "Anaesthesia",
                "Arterial line",
                "Bandage/support",
                "Blood product transfusion",
                "Burns review",
                "Central line",
                "Chest drain",
                "Defibrillation/pacing",
                "Dental treatment",
                "Dressing",
                "Dressing/wound review",
                "Eye",
                "Fracture review",
                "Guidance/advice only",
                "Incision & drainage",
                "Infusion fluids",
                "Joint aspiration",
                "Lumbar puncture",
                "Minor surgery",
                "Nasal airway",
                "Nebuliser/spacer",
                "None (consider guidance/advice option)",
                "Occupational Therapy",
                "Oral airway",
                "Other (consider alternatives)",
                "Physiotherapy",
                "Plaster of Paris",
                "Prescription/medicines prepared to take away",
                "Recording vital signs",
                "Removal foreign body",
                "Resuscitation/cardiopulmonary resuscitation",
                "Sling/collar cuff/broad arm sling",
                "Social work intervention",
                "Splint",
                "Sutures",
                "Tetanus",
                "Urinary catheter/suprapubic",
                "Wound cleaning",
                "Wound closure (excluding sutures)"
            ],
            "distribution_probabilities": [
                0.01417137240161095,
                0.036786281954136114,
                0.02150514351331397,
                0.034696767150585416,
                0.054016032256519304,
                0.04396376941489222,
                0.03416955770262771,
                0.04611972525426473,
                0.02459450204952231,
                0.0,
                0.01561321456568235,
                0.03435903926836695,
                0.07009350444771649,
                0.03033511430176564,
                0.035924849455304005,
                0.0013355274421527122,
                0.03785661734991863,
                0.0,
                0.05048503766463321,
                0.020597580758216934,
                0.016492277784748828,
                0.0,
                0.0043808172838691135,
                0.0,
                0.011895966356817717,
                0.033516604806561635,
                0.03250558647147475,
                0.0,
                0.02940212274173762,
                0.0,
                0.06684083002395359,
                0.04924546092265474,
                0.07763756184684632,
                0.02434664281880436,
                0.017962680657825216,
                0.018306008263711666,
                0.004318677057420501,
                0.0029881145665292042,
                0.0035370114458149414
            ]
        },
        "Gender": {
            "name": "Gender",
            "data_type": "String",
            "is_categorical": true,
            "is_candidate_key": false,
            "min": 4,
            "max": 6,
            "missing_rate": 0.0,
            "distribution_bins": [
                "Female",
                "Male"
            ],
            "distribution_probabilities": [
                0.4992908838504219,
                0.500709116149578
            ]
        },
        "Index of Multiple Deprivation Decile": {
            "name": "Index of Multiple Deprivation Decile",
            "data_type": "Integer",
            "is_categorical": false,
            "is_candidate_key": false,
            "min": 1,
            "max": 10,
            "missing_rate": 0.0,