{
    "meta": {
        "num_tuples": 9886,
        "num_attributes": 8,
        "num_attributes_in_BN": 8,
        "all_attributes": [
            "Time in A&E (mins)",
            "Treatment",
            "Gender",
            "Index of Multiple Deprivation Decile",
            "Hospital ID",
            "Arrival Date",
            "Arrival hour range",
            "Age bracket"
        ],
        "candidate_keys": [],
        "non_categorical_string_attributes": [],
        "attributes_in_BN": [
            "Hospital ID",
            "Treatment",
            "Time in A&E (mins)",
            "Gender",
            "Index of Multiple Deprivation Decile",
            "Arrival hour range",
            "Arrival Date",
            "Age bracket"
        ]
    },
    "attribute_description": {
        "Time in A&E (mins)": {
            "name": "Time in A&E (mins)",
            "data_type": "Integer",
            "is_categorical": false,
            "is_candidate_key": false,
            "min": 10,
            "max": 448,
            "missing_rate": 0.0,
            "distribution_bins": [
                10.0,
                31.9,
                53.8,
                75.69999999999999,
                97.6,
                119.5,
                141.39999999999998,
                163.29999999999998,
                185.2,
                207.1,
                229.0,
                250.89999999999998,
                272.79999999999995,
                294.7,
                316.59999999999997,
                338.5,
                360.4,
                382.29999999999995,
                404.2,
                426.09999999999997
            ],
            "distribution_probabilities": [
                0.14060389771824272,
                0.14765675634307687,
                0.13634153431811102,
                0.11653499320510448,
                0.09943613419555174,
                0.08230336646490205,
                0.06348437390973197,
                0.05930657032321993,
                0.053287901016253206,
                0.01998188095056952,
                0.023265600744755137,
                0.009374921350810151,
                0.006485160742971837,
                0.017157391464479192,
                0.0,
                0.0,
                0.0,
                0.00851756475417595,
                0.006141666987550177,
                0.010120285510493859
            ]
        },
        "Treatment": {
            "name": "Treatment",
            "data_type": "String",
            "is_categorical": true,
            "is_candidate_key": false,
            "min": 3,
            "max": 44,
            "missing_rate": 0.0,
            "distribution_bins": [
                "Anaesthesia",
                "Arterial line",
                "Bandage/support",
                "Blood product transfusion",
                "Burns review",
                "Central line",
                "Chest drain",
                "Defibrillation/pacing",
                "Dental treatment",
                "Dressing",
                "Dressing/wound review",
                "Eye",
                "Fracture review",
                "Guidance/advice only",
                "Incision & drainage",
                "Infusion fluids",
                "Joint aspiration",
                "Lumbar puncture",
                "Minor surgery",
                "Nasal airway",
                "Nebuliser/spacer",
                "None (consider guidance/advice option)",
                "Occupational Therapy",
                "Oral airway",
                "Other (consider alternatives)",
                "Physiotherapy",
                "Plaster of Paris",
                "Prescription/medicines prepared to take away",
                "Recording vital signs",
                "Removal foreign body",
                "Resuscitation/cardiopulmonary resuscitation",
                "Sling/collar cuff/broad arm sling",
                "Social work intervention",
                "Splint",
                "Sutures",
                "Tetanus",
                "Urinary catheter/suprapubic",
                "Wound cleaning",
                "Wound closure (excluding sutures)"
            ],
            "distribution_probabilities": [
                0.028346431630676416,
                0.025334029963753942,
                0.017914290825883732,
                0.024725906588719072,
                0.02141418942855321,
                0.026261273387196155,
                0.018559691597714482,
                0.03781657916424936,
                0.009833101008387505,
                0.014068021470645689,
                0.036018391123365794,
                0.05243107915526786,
                0.01891888494041326,
                0.03538989995570232,
                0.0,
                0.033163780026047765,
                0.035044051797893605,
                0.024570387510284376,
                0.05155054066323982,
                0.01707367194046921,
                0.0,
                0.014686831555739811,
                0.04870313060715523,
                0.01852205080781088,
                0.05131909277435085,
                0.02288296006657238,
                0.02511239550114393,
                0.030980377045120674,
                0.006997267422888166,
                0.021301280105145037,
                0.05238058767171033,
                0.0030443299073213696,
                0.07769847536480408,
                0.030810167425574003,
                0.017673343721197,
                0.023092574327194252,
                0.015386677869561135,
                0.005844998382158016,
                0.005129257266089264
            ]
        },
        "Gender": {
            "name": "Gender",
            "data_type": "String",
            "is_categorical": true,
            "is_candidate_key": false,
            "min": 4,
            "max": 6,
            "missing_rate": 0.0,
            "distribution_bins": [
                "Female",
                "Male"
            ],
            "distribution_probabilities": [
                0.5078265742718665,
                0.4921734257281335
            ]
        },
        "Index of Multiple Deprivation Decile": {
            "name": "Index of Multiple Deprivation Decile",
            "data_type": "Integer",
            "is_categorical": true,
            "is_candidate_key": false,
            "min": 1,
            "max": 10,
            "missing_rate": 0.0,
            "distribution_bins": [
                1,
                2,
                3,
                4,
                5,
                6,
                7,
                8,
                9,
                10
            ],
            "distribution_probabilities": [
                0.08455394308704811,
                0.11429167366676825,
                0.0935799035430009,
                0.09124073185303284,
                0.09917323299425963,
                0.11215569615689751,
                0.09889173287191196,
                0.12107736679853039,
                0.08741833201246657,
                0.09761738701608376
            ]
        },
        "Hospital ID": {
            "name": "Hospital ID",
            "data_type": "String",
            "is_categorical": true,
            "is_candidate_key": false,
            "min": 1,
            "max": 2,
            "missing_rate": 0.0,
            "distribution_bins": [
                1,
                2,
                3,
                4,
                5,
                6,
                7,
                8,
                9,
                10,
                11,
                12,
                13,
                14,
                15,
                16,
                17,
                18,
                19,
                20,
                21,
                22,
                23,
                24,
                25,
                26
            ],