{
    "meta": {
        "num_tuples": 9881,
        "num_attributes": 9,
        "num_attributes_in_BN": 8,
        "all_attributes": [
            "Attendance ID",
            "Time in A&E (mins)",
            "Treatment",
            "Gender",
            "Index of Multiple Deprivation Decile",
            "Hospital ID",
            "Arrival Date",
            "Arrival hour range",
            "Age bracket"
        ],
        "candidate_keys": [
            "Attendance ID"
        ],
        "non_categorical_string_attributes": [
            "Attendance ID"
        ],
        "attributes_in_BN": [
            "Index of Multiple Deprivation Decile",
            "Time in A&E (mins)",
            "Arrival Date",
            "Hospital ID",
            "Arrival hour range",
            "Gender",
            "Age bracket",
            "Treatment"
        ]
    },
    "attribute_description": {
        "Attendance ID": {
            "name": "Attendance ID",
            "data_type": "String",
            "is_categorical": false,
            "is_candidate_key": true,
            "min": 7,
            "max": 10,
            "missing_rate": 0.0,
            "distribution_bins": [
                6.99985,
                7.15,
                7.3,
                7.45,
                7.6,
                7.75,
                7.9,
                8.05,
                8.2,
                8.35,
                8.5,
                8.65,
                8.8,
                8.95,
                9.1,
                9.25,
                9.4,
                9.55,
                9.7,
                9.85
            ],
            "distribution_probabilities": [
                0.0015004971116374744,
                0.004165472656602266,
                0.0017029195096074565,
                0.0006961454808705132,
                0.0,
                0.0025536255384670916,
                0.006137130573584967,
                0.011327168587434232,
                0.019405133282447293,
                0.0,
                0.006481902561677873,
                0.0004405917349679877,
                0.0010827411487662841,
                0.09450012296101679,
                0.0,
                0.0,
                0.0,
                0.008099819483607796,
                0.006014776412778582,
                0.8358919529565334
            ]
        },
        "Time in A&E (mins)": {
            "name": "Time in A&E (mins)",
            "data_type": "Integer",
            "is_categorical": false,
            "is_candidate_key": false,
            "min": 1,
            "max": 461,
            "missing_rate": 0.0,
            "distribution_bins": [
                1.0,
                24.0,
                47.0,
                70.0,
                93.0,
                116.0,
                139.0,
                162.0,
                185.0,
                208.0,
                231.0,
                254.0,
                277.0,
                300.0,
                323.0,
                346.0,
                369.0,
                392.0,
                415.0,
                438.0
            ],
            "distribution_probabilities": [
                0.16220485860299544,
                0.14411211299928042,
                0.1306631620920661,
                0.1311658782788005,
                0.09918474808556889,
                0.08773075797584429,
                0.05879295033278479,
                0.06735858219734969,
                0.03629747711438049,
                0.022832838347065752,
                0.009044106872120403,
                0.014897481112988636,
                0.004343161387043422,
                0.004068995792537104,
                0.0,
                0.002612024052060214,
                0.002407433706763634,
                0.002122447399715665,
                0.016626180615729597,
                0.003534803034904728
            ]
        },
        "Treatment": {
            "name": "Treatment",
            "data_type": "String",
            "is_categorical": true,
            "is_candidate_key": false,
            "min": 3,
            "max": 44,
            "missing_rate": 0.0,
            "distribution_bins": [
                "Anaesthesia",
                "Arterial line",
                "Bandage/support",
                "Blood product transfusion",
                "Burns review",
                "Central line",
                "Chest drain",
                "Defibrillation/pacing",
                "Dental treatment",
                "Dressing",
                "Dressing/wound review",
                "Eye",
                "Fracture review",
                "Guidance/advice only",
                "Incision & drainage",
                "Infusion fluids",
                "Joint aspiration",
                "Lumbar puncture",
                "Minor surgery",
                "Nasal airway",
                "Nebuliser/spacer",
                "None (consider guidance/advice option)",
                "Occupational Therapy",
                "Oral airway",
                "Other (consider alternatives)",
                "Physiotherapy",
                "Plaster of Paris",
                "Prescription/medicines prepared to take away",
                "Recording vital signs",
                "Removal foreign body",
                "Resuscitation/cardiopulmonary resuscitation",
                "Sling/collar cuff/broad arm sling",
                "Social work intervention",
                "Splint",
                "Sutures",
                "Tetanus",
                "Urinary catheter/suprapubic",
                "Wound cleaning",
                "Wound closure (excluding sutures)"
            ],
            "distribution_probabilities": [
                0.02642581676969496,
                0.02452507751283549,
                0.03502550288170509,
                0.008167919836279434,
                0.030893841307506928,
                0.034386669505229714,
                0.016487606083637307,
                0.01581223032818288,
                0.022546946150307775,
                0.027621252644145642,
                0.03369831795582779,
                0.02543143561330326,
                0.05981737676896367,
                0.012235018853025187,
                0.01719037001969791,
                0.019194802201777557,
                0.03108922870434171,
                0.019314819440454746,
                0.025311220917721297,
                0.023706127368947612,
                0.017207594125143024,
                0.015437244924865529,
                0.0293115069535197,
                0.017731412590203926,
                0.02015953545554822,
                0.02642857664639719,
                0.034471842938063,
                0.012019268000287417,
                0.037311073942162674,
                0.0170689945155134,
                0.051129024737581054,
                0.02765187570658322,
                0.054194952063240896,
                0.0301681773332895,
                0.03304047850169386,
                0.006814046991768126,
                0.022576109517739803,
                0.01530812681455703,
                0.02308857737825654
            ]
        },
        "Gender": {
            "name": "Gender",
            "data_type": "String",
            "is_categorical": true,
            "is_candidate_key": false,
            "min": 4,
            "max": 6,
            "missing_rate": 0.0,
            "distribution_bins": [
                "Female",
                "Male"
            ],
            "distribution_probabilities": [
                0.4989818229572413,
                0.5010181770427587
            ]
        },
        "Index of Multiple Deprivation Decile": {
            "name": "Index of Multiple Deprivation Decile",
            "data_type": "Integer",
            "is_categorical": false,
            "is_candidate_key": false,
            "min": 1,