{
    "meta": {
        "num_tuples": 9907,
        "num_attributes": 8,
        "num_attributes_in_BN": 8,
        "all_attributes": [
            "Time in A&E (mins)",
            "Treatment",
            "Gender",
            "Index of Multiple Deprivation Decile",
            "Hospital ID",
            "Arrival Date",
            "Arrival hour range",
            "Age bracket"
        ],
        "candidate_keys": [],
        "non_categorical_string_attributes": [],
        "attributes_in_BN": [
            "Hospital ID",
            "Time in A&E (mins)",
            "Arrival Date",
            "Gender",
            "Age bracket",
            "Arrival hour range",
            "Index of Multiple Deprivation Decile",
            "Treatment"
        ]
    },
    "attribute_description": {
        "Time in A&E (mins)": {
            "name": "Time in A&E (mins)",
            "data_type": "Integer",
            "is_categorical": false,
            "is_candidate_key": false,
            "min": 10,
            "max": 421,
            "missing_rate": 0.0,
            "distribution_bins": [
                10.0,
                30.55,
                51.1,
                71.65,
                92.2,
                112.75,
                133.3,
                153.85,
                174.4,
                194.95000000000002,
                215.5,
                236.05,
                256.6,
                277.15000000000003,
                297.7,
                318.25,
                338.8,
                359.35,
                379.90000000000003,
                400.45
            ],
            "distribution_probabilities": [
                0.1379731007334785,
                0.13376888905432602,
                0.1223627493818752,
                0.11828074548167457,
                0.09467347201502255,
                0.086846171223669,
                0.06328651733271007,
                0.06552806383789338,
                0.057743081179753165,
                0.030210670819524103,
                0.024563591407234808,
                0.013373157357317103,
                0.008995569662545453,
                0.017526290586010997,
                0.0,
                0.0,
                0.0,
                0.008609002893456409,
                0.006140524357496388,
                0.010118402676012495
            ]
        },
        "Treatment": {
            "name": "Treatment",
            "data_type": "String",
            "is_categorical": true,
            "is_candidate_key": false,
            "min": 3,
            "max": 44,
            "missing_rate": 0.0,
            "distribution_bins": [
                "Anaesthesia",
                "Arterial line",
                "Bandage/support",
                "Blood product transfusion",
                "Burns review",
                "Central line",
                "Chest drain",
                "Defibrillation/pacing",
                "Dental treatment",
                "Dressing",
                "Dressing/wound review",
                "Eye",
                "Fracture review",
                "Guidance/advice only",
                "Incision & drainage",
                "Infusion fluids",
                "Joint aspiration",
                "Lumbar puncture",
                "Minor surgery",
                "Nasal airway",
                "Nebuliser/spacer",
                "None (consider guidance/advice option)",
                "Occupational Therapy",
                "Oral airway",
                "Other (consider alternatives)",
                "Physiotherapy",
                "Plaster of Paris",
                "Prescription/medicines prepared to take away",
                "Recording vital signs",
                "Removal foreign body",
                "Resuscitation/cardiopulmonary resuscitation",
                "Sling/collar cuff/broad arm sling",
                "Social work intervention",
                "Splint",
                "Sutures",
                "Tetanus",
                "Urinary catheter/suprapubic",
                "Wound cleaning",
                "Wound closure (excluding sutures)"
            ],
            "distribution_probabilities": [
                0.05640661055645869,
                0.04080018630472227,
                0.03311791907619043,
                0.012099168581404461,
                0.03382136798260543,
                0.03626270522384067,
                0.003281778877381141,
                0.06066921705187753,
                0.019515593333347316,
                0.02809861150494436,
                0.018274718819210008,
                0.030737448704790192,
                0.011184421633489301,
                0.04038397270162783,
                0.0,
                0.012554617805544881,
                0.04738637211825826,
                0.020482332228348082,
                0.019436867945645843,
                0.02036789191550538,
                0.024185236086228593,
                0.003299205719309611,
                0.026034455713029054,
                0.0,
                0.049883548022949815,
                0.04431748411617806,
                0.027177022056089524,
                0.0014465483383218135,
                0.027911713743199278,
                0.01931362746758086,
                0.02929729984106678,
                0.03261480752058736,
                0.048240171967986925,
                0.024210459824720653,
                0.028609147186856785,
                0.014941136742820327,
                0.01312933488846036,
                0.03252307520983113,
                0.007983923189590876
            ]
        },
        "Gender": {
            "name": "Gender",
            "data_type": "String",
            "is_categorical": true,
            "is_candidate_key": false,
            "min": 4,
            "max": 6,
            "missing_rate": 0.0,
            "distribution_bins": [
                "Female",
                "Male"
            ],
            "distribution_probabilities": [
                0.5003799850770445,
                0.4996200149229555
            ]
        },
        "Index of Multiple Deprivation Decile": {
            "name": "Index of Multiple Deprivation Decile",
            "data_type": "Integer",
            "is_categorical": true,
            "is_candidate_key": false,
            "min": 1,
            "max": 10,
            "missing_rate": 0.0,
            "distribution_bins": [
                1,
                2,
                3,
                4,
                5,
                6,
                7,
                8,
                9,
                10
            ],
            "distribution_probabilities": [
                0.08355315545433935,
                0.11220319577889715,
                0.09430009864669255,
                0.09432059791705039,
                0.0990623971398932,
                0.11570247603250979,
                0.09263895787124184,
                0.11928142763036606,
                0.09060879155667463,
                0.09832890197233496
            ]
        },
        "Hospital ID": {
            "name": "Hospital ID",
            "data_type": "String",
            "is_categorical": true,
            "is_candidate_key": false,
            "min": 1,
            "max": 2,
            "missing_rate": 0.0,
            "distribution_bins": [
                1,
                2,
                3,
                4,
                5,
                6,
                7,
                8,
                9,
                10,
                11,
                12,
                13,
                14,
                15,
                16,
                17,
                18,
                19,
                20,
                21,
                22,
                23,
                24,
                25,
                26
            ],