{
    "meta": {
        "num_tuples": 7919,
        "num_attributes": 9,
        "num_attributes_in_BN": 8,
        "all_attributes": [
            "Attendance ID",
            "Hospital",
            "Time in A&E (mins)",
            "Treatment",
            "Gender",
            "Index of Multiple Deprivation Decile",
            "Arrival Date",
            "Arrival hour range",
            "Age bracket"
        ],
        "candidate_keys": [
            "Attendance ID"
        ],
        "non_categorical_string_attributes": [
            "Attendance ID"
        ],
        "attributes_in_BN": [
            "Arrival Date",
            "Gender",
            "Treatment",
            "Time in A&E (mins)",
            "Arrival hour range",
            "Age bracket",
            "Index of Multiple Deprivation Decile",
            "Hospital"
        ]
    },
    "attribute_description": {
        "Attendance ID": {
            "name": "Attendance ID",
            "data_type": "String",
            "is_categorical": false,
            "is_candidate_key": true,
            "min": 7,
            "max": 10,
            "missing_rate": 0.0,
            "distribution_bins": [
                6.99985,
                7.15,
                7.3,
                7.45,
                7.6,
                7.75,
                7.9,
                8.05,
                8.2,
                8.35,
                8.5,
                8.65,
                8.8,
                8.95,
                9.1,
                9.25,
                9.4,
                9.55,
                9.7,
                9.85
            ],
            "distribution_probabilities": [
                0.001607202683365037,
                0.005089297723623865,
                0.0020805956726239094,
                0.0008505377188084207,
                0.0,
                0.0031199726204682787,
                0.005350501206684581,
                0.013839325824348377,
                0.023708834214634603,
                0.0,
                0.00791946909064748,
                0.0005383068618313995,
                0.001322873181019728,
                0.09918096218182394,
                0.0,
                0.0,
                0.0,
                0.009896210168215118,
                0.007348742970894837,
                0.8181471678810104
            ]
        },
        "Hospital": {
            "name": "Hospital",
            "data_type": "String",
            "is_categorical": true,
            "is_candidate_key": false,
            "min": 1,
            "max": 2,
            "missing_rate": 0.0,
            "distribution_bins": [
                1,
                2,
                3,
                4,
                5,
                6,
                7,
                8,
                9,
                10,
                11,
                12,
                13,
                14,
                15,
                16,
                17,
                18,
                19,
                20,
                21,
                22,
                23,
                24,
                25,
                26
            ],
            "distribution_probabilities": [
                0.0705651630693107,
                0.0445892020489829,
                0.03321172230659142,
                0.043602756351587724,
                0.02201294058479043,
                0.03853322786489087,
                0.022303449842647118,
                0.06020101332043747,
                0.04064246450383704,
                0.03411846240302367,
                0.028032228894921747,
                0.04539836377901966,
                0.035291617173131534,
                0.03981402983091257,
                0.006274294783175845,
                0.039044456139098814,
                0.0415847148796476,
                0.040001304263837294,
                0.05711599048833402,
                0.039007982620396356,
                0.03516406336540083,
                0.037920264299650355,
                0.04206340797797842,
                0.017627582550086444,
                0.045136727494264846,
                0.04074256916404435
            ]
        },
        "Time in A&E (mins)": {
            "name": "Time in A&E (mins)",
            "data_type": "Integer",
            "is_categorical": false,
            "is_candidate_key": false,
            "min": 1,
            "max": 421,
            "missing_rate": 0.0,
            "distribution_bins": [
                1.0,
                22.0,
                43.0,
                64.0,
                85.0,
                106.0,
                127.0,
                148.0,
                169.0,
                190.0,
                211.0,
                232.0,
                253.0,
                274.0,
                295.0,
                316.0,
                337.0,
                358.0,
                379.0,
                400.0
            ],
            "distribution_probabilities": [
                0.13304879385839347,
                0.12460952015025704,
                0.12810427753902598,
                0.13144372060472315,
                0.10942496957754423,
                0.10053741672254989,
                0.12005124142772922,
                0.04745517430229122,
                0.035528609470435076,
                0.01992253851205582,
                0.027516944679366658,
                0.008625974098082223,
                0.00939196927316248,
                0.0,
                0.0,
                0.0,
                0.004338849784383561,
                0.0,
                0.0,
                0.0
            ]
        },
        "Treatment": {
            "name": "Treatment",
            "data_type": "String",
            "is_categorical": true,
            "is_candidate_key": false,
            "min": 3,
            "max": 44,
            "missing_rate": 0.0,
            "distribution_bins": [
                "Anaesthesia",
                "Arterial line",
                "Bandage/support",
                "Blood product transfusion",
                "Burns review",
                "Central line",
                "Chest drain",
                "Defibrillation/pacing",
                "Dental treatment",
                "Dressing",
                "Dressing/wound review",
                "Eye",
                "Fracture review",
                "Guidance/advice only",
                "Incision & drainage",
                "Infusion fluids",
                "Joint aspiration",
                "Lumbar puncture",
                "Minor surgery",
                "Nasal airway",
                "Nebuliser/spacer",
                "None (consider guidance/advice option)",
                "Occupational Therapy",
                "Oral airway",
                "Other (consider alternatives)",
                "Physiotherapy",
                "Plaster of Paris",
                "Prescription/medicines prepared to take away",
                "Recording vital signs",
                "Removal foreign body",
                "Resuscitation/cardiopulmonary resuscitation",
                "Sling/collar cuff/broad arm sling",
                "Social work intervention",
                "Splint",
                "Sutures",
                "Tetanus",
                "Urinary catheter/suprapubic",
                "Wound cleaning",
                "Wound closure (excluding sutures)"
            ],